js/ai/ai-management.js	45	aiRembg
js/ai/ai-management.js	151	removeHashStr
js/ai/comfyui/comfyui-management.js	141	comfyuiCancelPrompt
js/ai/comfyui/util/comfyui-util.js	45	comfyuiGetValueById
js/ai/comfyui/util/comfyui-util.js	52	comfyuiGetUrl
js/ai/comfyui/util/comfyui-util.js	104	notExistsWorkflowNodeVsComfyUI
js/ai/comfyui/v2/comfyui-util-v2.js	115	comfyui_handleFileUpload_v2
js/ai/panel-pipeline-review.js	60	markPanelAutoFlagged
js/ai/panel-pipeline-review.js	86	countPanelsByStatus
js/ai/panel-pipeline-review.js	95	summarizeProjectPipelineReview
js/ai/panel-pipeline-review.js	116	collectPanelSnapshotsOnCanvas
js/ai/prompt/auto/auto-prompt-util.js	750	legacyAutoMultiPromptSet
js/ai/queue/generation-task-manager.js	57	getAiTaskDisplayOrder
js/ai/queue/generation-task-manager.js	95	clearAllAiTasks
js/ai/queue/generation-task-manager.js	137	getGenerationTask
js/ai/queue/spinner.js	75	updateAiProgressDisplay
js/ai/sdwebui/sdwebui-multi-call-api.js	20	sendClipToServer
js/ai/ui/ai-ui-util.js	1	changeExternalAPI
js/ai/ui/ai-ui-util.js	16	changeAiModelType
js/ai/ui/ai-ui-util.js	30	changeWorkflowType
js/ai/ui/ai-ui-util.js	35	isComfyUIMode
js/ai/ui/ai-ui-util.js	38	getExternalApiGroupFromRoles
js/canvas-manager.js	162	adjustCanvasSizeWithContainer
js/core/compression/project-compression.js	329	loadZip
js/core/util/fabric-util.js	5	notAvtive
js/core/util/fabric-util.js	59	isPutImage
js/core/util/fabric-util.js	315	getObjectByGUID
js/core/util/fabric-util.js	728	getPathPoints
js/core/util/fabric-util.js	822	getPanelCoordinates
js/core/util/fabric-util.js	930	isSpeechBubbleRect
js/core/util/fabric-util.js	937	getRectTargetObject
js/core/util/log-util.js	3	objectToJsonString
js/core/util/share-util.js	9	snsTweet
js/dashboard/dashboard-ui.js	1058	closeDashboardModal
js/layer/blend/blend.js	120	recreateFloatingWindow
js/layer/blend/blend.js	320	updateLayerPreviewStyle
js/layer/image-history-management.js	25	setSave
js/layer/image-history-management.js	72	addByNotSave
js/layer/layer-button.js	20	putCropImageDownloadButton
js/layer/layer-button.js	62	putTempButton
js/layer/layer-button.js	80	putImageDownloadButton
js/layer/layer-button.js	96	putInterrogateDanbooruButtons
js/layer/layer-button.js	112	putInterrogateClipButtons
js/layer/layer-button.js	130	putPromptButton
js/layer/layer-button.js	156	putUpscalerButton
js/layer/layer-button.js	199	putRunI2IButton
js/layer/layer-button.js	230	putSeedButton
js/layer/layer-button.js	249	putRunT2IButton
js/layer/layer-button.js	266	AllRun
js/layer/layer-management.js	87	getLayerTypeIcon
js/layer/layer-management.js	112	putLayerBtnSeparator
js/layer/layer-management.js	549	getLayerIndexByActiveObject
js/panel/grid.js	84	darkenColor
js/sidebar/panel/panel-manager.js	251	adjustImageToFitFrame
js/sidebar/panel/panel-template.js	246	addArRect
js/sidebar/panel/panel-template.js	352	addTallTrap
js/sidebar/panel/panel-template.js	376	addWideTrap
js/sidebar/panel/panel-template.js	386	addTrapezoid
js/sidebar/panel/panel-template.js	409	addCircle
js/sidebar/panel/panel-template.js	443	addEllipse
js/sidebar/panel/panel-template.js	463	addRhombus
js/sidebar/panel/panel-template.js	511	addSmartphone
js/sidebar/panel/panel-template.js	583	addOctagon
js/sidebar/panel/panel-template.js	594	addTallRightLeaningTrapezoid
js/sidebar/panel/panel-template.js	604	addRightSlantingTrapezoid
js/sidebar/sidebar-ui.js	32	savePenValueMap
js/sidebar/sidebar-ui.js	46	addNumber
js/sidebar/sidebar-ui.js	71	addSubmitButton
js/sidebar/sidebar-ui.js	142	addOneSelectBox
js/sidebar/text/custom/custom-text-util.js	35	createMergeNode
js/sidebar/text/text-2-manager.js	402	clearActiveT2Button
js/sidebar/text/text-effect.js	138	applyCSSTextEffect
js/sidebar/text/text-effect.js	156	applyVividGradientEffect
js/sidebar/text/text-effect.js	203	drawNeonJitterEffect
js/sidebar/text/text-effect.js	257	applyNeonEffect
js/sidebar/text/text-effect.js	340	toggleShadow
js/sidebar/text/text-effect.js	450	changeNeonColor
js/sidebar/text/text-effect.js	458	changeNeonIntensity
js/sidebar/text/text-effect.js	493	changeFont
js/sidebar/text/text-effect.js	499	isFontAvailableForLanguage
js/sidebar/tone/speedline.js	141	removeSppedLineEventListener
js/ui/ai/auto-prompt-ui.js	158	adjustToMultipleOfEight
js/ui/bottom-bar.js	411	btmGetFirstGuidByIndex
js/ui/overlay-progress.js	86	OP_showLoadingWithIcon
js/ui/third/intro.js	19	tutorialIntroLegacy
js/ui/toast.js	120	checkPanelImage
